{"cameraMode":{"drawMode":0,"name":"Shaded","section":"Shading Mode"},"sceneLighting":false,"audioPlay":false,"sceneViewState":{"showFog":true,"showMaterialUpdate":false,"showSkybox":true,"showFlares":true,"showImageEffects":true,"showParticleSystems":true},"in2DMode":false,"pivot":{"x":5.0,"y":-0.09739789366722107,"z":-4.999992370605469},"rotation":{"x":-0.05579833686351776,"y":0.9364705085754395,"z":-0.17476360499858857,"w":-0.29894357919692995},"size":23.336719512939454,"orthographic":false}