{"cameraMode":{"drawMode":0,"name":"Shaded","section":"Shading Mode"},"sceneLighting":false,"audioPlay":false,"sceneViewState":{"showFog":true,"showMaterialUpdate":false,"showSkybox":true,"showFlares":true,"showImageEffects":true,"showParticleSystems":true},"in2DMode":false,"pivot":{"x":-13.980968475341797,"y":3.0403940677642824,"z":-13.354082107543946},"rotation":{"x":-0.05570758879184723,"y":0.9187594652175903,"z":-0.14026369154453278,"w":-0.36483410000801089},"size":0.3429475426673889,"orthographic":false}