{"cameraMode":{"drawMode":0,"name":"Shaded","section":"Shading Mode"},"sceneLighting":true,"audioPlay":false,"sceneViewState":{"showFog":true,"showMaterialUpdate":false,"showSkybox":true,"showFlares":true,"showImageEffects":true,"showParticleSystems":true},"in2DMode":false,"pivot":{"x":-18.547080993652345,"y":3.5041043758392336,"z":-23.683744430541993},"rotation":{"x":0.0343499593436718,"y":-0.964637041091919,"z":0.20591750741004945,"w":0.16091419756412507},"size":36.120147705078128,"orthographic":false}