{"cameraMode":{"drawMode":0,"name":"Shaded","section":"Shading Mode"},"sceneLighting":false,"audioPlay":false,"sceneViewState":{"showFog":true,"showMaterialUpdate":false,"showSkybox":true,"showFlares":true,"showImageEffects":true,"showParticleSystems":true},"in2DMode":false,"pivot":{"x":0.0000016689300537109376,"y":1.4134800434112549,"z":-0.07679980993270874},"rotation":{"x":0.018561793491244317,"y":0.9663369059562683,"z":-0.24603582918643952,"w":0.07290397584438324},"size":7.729432106018066,"orthographic":false}