{"cameraMode":{"drawMode":0,"name":"Shaded","section":"Shading Mode"},"sceneLighting":false,"audioPlay":false,"sceneViewState":{"showFog":true,"showMaterialUpdate":false,"showSkybox":true,"showFlares":true,"showImageEffects":true,"showParticleSystems":true},"in2DMode":false,"pivot":{"x":2.4999942779541017,"y":-0.09739789366722107,"z":-5.0},"rotation":{"x":-0.2063882052898407,"y":0.7789298295974731,"z":-0.32457080483436587,"w":-0.4953038990497589},"size":18.450353622436525,"orthographic":false}