{"cameraMode":{"drawMode":0,"name":"Shaded","section":"Shading Mode"},"sceneLighting":false,"audioPlay":false,"sceneViewState":{"showFog":true,"showMaterialUpdate":false,"showSkybox":true,"showFlares":true,"showImageEffects":true,"showParticleSystems":true},"in2DMode":false,"pivot":{"x":0.17513370513916017,"y":1.4998613595962525,"z":2.532365322113037},"rotation":{"x":-0.27067941427230837,"y":0.7276641726493836,"z":-0.4159660339355469,"w":-0.4735078811645508},"size":9.729757308959961,"orthographic":false}