{"cameraMode":{"drawMode":0,"name":"Shaded","section":"Shading Mode"},"sceneLighting":false,"audioPlay":false,"sceneViewState":{"showFog":true,"showMaterialUpdate":false,"showSkybox":true,"showFlares":true,"showImageEffects":true,"showParticleSystems":true},"in2DMode":false,"pivot":{"x":-6.223364353179932,"y":0.735257625579834,"z":-2.6340246200561525},"rotation":{"x":0.018561793491244317,"y":0.9663369059562683,"z":-0.24603582918643952,"w":0.07290397584438324},"size":18.81289291381836,"orthographic":false}