{"cameraMode":{"drawMode":0,"name":"Shaded","section":"Shading Mode"},"sceneLighting":false,"audioPlay":false,"sceneViewState":{"showFog":true,"showMaterialUpdate":false,"showSkybox":true,"showFlares":true,"showImageEffects":true,"showParticleSystems":true},"in2DMode":false,"pivot":{"x":0.92340087890625,"y":113.99398040771485,"z":50.67347717285156},"rotation":{"x":0.08816280215978623,"y":-0.8503565192222595,"z":0.15106049180030824,"w":0.4962881803512573},"size":601.4952392578125,"orthographic":false}