{"cameraMode":{"drawMode":0,"name":"Shaded","section":"Shading Mode"},"sceneLighting":false,"audioPlay":false,"sceneViewState":{"showFog":true,"showMaterialUpdate":false,"showSkybox":true,"showFlares":true,"showImageEffects":true,"showParticleSystems":true},"in2DMode":false,"pivot":{"x":-15.258220672607422,"y":-0.4227941036224365,"z":-23.740264892578126},"rotation":{"x":-0.27067944407463076,"y":0.7276642322540283,"z":-0.41596606373786929,"w":-0.47350791096687319},"size":122.6397705078125,"orthographic":false}