{"cameraMode":{"drawMode":0,"name":"Shaded","section":"Shading Mode"},"sceneLighting":true,"audioPlay":false,"sceneViewState":{"showFog":true,"showMaterialUpdate":false,"showSkybox":true,"showFlares":true,"showImageEffects":true,"showParticleSystems":true},"in2DMode":false,"pivot":{"x":-10.668550491333008,"y":4.549051761627197,"z":-10.773921966552735},"rotation":{"x":-0.018140140920877458,"y":0.899533748626709,"z":0.03752356022596359,"w":0.4348585307598114},"size":27.99595832824707,"orthographic":false}